Missing["NotFound"],Missing["NotFound"],Missing["NotFound"],Missing["NotFound"],Missing["NotFound"],Missing["NotFound"]
Missing["NotFound"],Missing["NotFound"],Missing["NotFound"],Missing["NotFound"],Missing["NotFound"],Missing["NotFound"]
Missing["NotFound"],Missing["NotFound"],Missing["NotFound"],Missing["NotFound"],Missing["NotFound"],Missing["NotFound"]
Missing["NotFound"],Missing["NotFound"],Missing["NotFound"],Missing["NotFound"],Missing["NotFound"],Missing["NotFound"]
Missing["NotFound"],Missing["NotFound"],Missing["NotFound"],Missing["NotFound"],Missing["NotFound"],Missing["NotFound"]
Missing["NotFound"],Missing["NotFound"],Missing["NotFound"],Missing["NotFound"],Missing["NotFound"],Missing["NotFound"]
Missing["NotFound"],Missing["NotFound"],Missing["NotFound"],Missing["NotFound"],Missing["NotFound"],Missing["NotFound"]
Missing["NotFound"],Missing["NotFound"],Missing["NotFound"],Missing["NotFound"],Missing["NotFound"],Missing["NotFound"]
Missing["NotFound"],Missing["NotFound"],Missing["NotFound"],Missing["NotFound"],Missing["NotFound"],Missing["NotFound"]
Missing["NotFound"],Missing["NotFound"],Missing["NotFound"],Missing["NotFound"],Missing["NotFound"],Missing["NotFound"]
Missing["NotFound"],Missing["NotFound"],Missing["NotFound"],Missing["NotFound"],Missing["NotFound"],Missing["NotFound"]
Missing["NotFound"],Missing["NotFound"],Missing["NotFound"],Missing["NotFound"],Missing["NotFound"],Missing["NotFound"]
Missing["NotFound"],Missing["NotFound"],Missing["NotFound"],Missing["NotFound"],Missing["NotFound"],Missing["NotFound"]
Missing["NotFound"],Missing["NotFound"],Missing["NotFound"],Missing["NotFound"],Missing["NotFound"],Missing["NotFound"]
Missing["NotFound"],Missing["NotFound"],Missing["NotFound"],Missing["NotFound"],Missing["NotFound"],Missing["NotFound"]
Missing["NotFound"],Missing["NotFound"],Missing["NotFound"],Missing["NotFound"],Missing["NotFound"],Missing["NotFound"]